iteration,marked_state,success_probability,dominant_measurement
0,101,0.125,000
1,101,0.7812500000000001,101
2,101,0.9453124999999999,101
